-- phpMyAdmin SQL Dump
-- version 3.2.4
-- http://www.phpmyadmin.net
--
-- Serveur: localhost
-- Généré le : Mer 03 Aoà»t 2011 à  13:40
-- Version du serveur: 5.1.41
-- Version de PHP: 5.3.1

SET SQL_MODE="NO_AUTO_VALUE_ON_ZERO";
SET FOREIGN_KEY_CHECKS = 0;

/*!40101 SET @OLD_CHARACTER_SET_CLIENT=@@CHARACTER_SET_CLIENT */;
/*!40101 SET @OLD_CHARACTER_SET_RESULTS=@@CHARACTER_SET_RESULTS */;
/*!40101 SET @OLD_COLLATION_CONNECTION=@@COLLATION_CONNECTION */;
/*!40101 SET NAMES utf8 */;

--
-- Base de données: `site_perso_yungi`
--


INSERT INTO `websites` (`id_website`, `nom`, `adresse_1`, `adresse_2`, `npa`, `ville`, `tel`, `mobile`, `email`) VALUES
(1, 'Yungi_design', 'Rue Etraz 2', NULL, 1003, 'Lausanne', '+41 78 769 00 80', '+41 78 769 00 80', 'ygyongy@tradiluxe.com');


INSERT INTO `langues` (`id_langue`, `code_langue`, `nom_langue`, `position_langue`, `actif_langue`) VALUES
(1, 'fr', 'français', 1, '1'),
(2, 'de', 'deutsch', 2, '1'),
(3, 'en', 'english', 3, '1');


INSERT INTO `types_contenus` (`id_type_contenu`, `nom_type_contenu`, `actif_type_contenu`) VALUES
(1, 'page', '1'),
(2, 'matrice', '1'),
(3, 'form', '1'),
(4, 'block', '1');


INSERT INTO `groupes` (`id_groupe`, `nom_groupe`, `droit_groupe`) VALUES
(1, 'admin', 'UPEA'),
(2, 'editeur', 'UPE'),
(3, 'pro', 'UP'),
(4, 'user', 'U'),
(5, 'anonymous', NULL);


INSERT INTO `utilisateurs` (`id_utilisateur`, `nom_utilisateur`, `prenom_utilisateur`, `login_utilisateur`, `pwd_utilisateur`, `vernam_utilisateur`, `inscription_utilisateur`, `langues_id_langue`, `groupes_id_groupe`) VALUES
(1, 'Gyongy', 'Yann', 'ygyongy', '227a8126f3672f8f779a826d018b8421', 'testDeClef', '2011-08-02 10:19:26', 1, 1),
(2, 'Anonymous', 'Anonymous', 'anonymous', '6f8bf449c80d8fa3efa750d1c880452f', 'TestDuVernam', '2011-08-02 22:53:12', 1, 5);


INSERT INTO `contacts` (`id_contact`, `type_contact`, `valeur_contact`, `position_contact`, `actif_contact`, `utilisateurs_id_utilisateur`) VALUES
(1, 'email', 'ygyongy@tradiluxe.com', 1, '1', 1),
(2, 'email', 'anonymous@site_perso_yungi.com', 1, '1', 2);


INSERT INTO `categories` (`id_categorie`, `nom_categorie`, `emplacement_categorie`, `actif_categorie`, `position_categorie`, `droit_categorie`, `langues_id_langue`) VALUES
(1, 'Accueil', 'navigation', '1', 1, null, 1),
(1, 'Hause', 'navigation', '1', 1, null, 2),
(1, 'Home', 'navigation', '1', 1, null, 3),
(2, 'Entreprise', 'navigation', '1', 2, null, 1),
(2, 'Firma', 'navigation', '1', 2, null, 2),
(2, 'Entreprise', 'navigation', '1', 2, null, 3),
(3, 'Catalogue', 'navigation', '1', 3, null, 1),
(3, 'Katalogue', 'navigation', '1', 3, null, 2),
(3, 'Collection', 'navigation', '1', 3, null, 3),
(4, 'Admin', '1', 'admin', 4, 'UPEA', 1),
(5, 'block_user', 'hidden', '1', 1, null, 1);


INSERT INTO `sous_categories` (`id_sous_categorie`, `nom_sous_categorie`, `emplacement_sous_categorie`, `actif_sous_categorie`, `position_sous_categorie`, `droit_sous_categorie`, `categories_id_categorie`, `langues_id_langue`) VALUES
(1, 'Sous-accueil', 'sous_navigation', '1', 1, NULL, 1, 1),
(2, 'création d''utilisateur', 'sous_admin', '1', 1, NULL, 4, 1);


INSERT INTO `contenus` (`id_contenu`, `titre_html`, `titre`, `sous_titre`, `contenu`, `position_contenu`, `actif_contenu`, `droit_contenu`, `websites_id_website`, `categories_id_categorie`, `types_contenus_id_types_contenus`, `utilisateurs_id_utilisateur`, `langues_id_langue`, `sous_categories_id_sous_categorie`) VALUES
(1, 'Bienvenue sur notre page d''accueil', 'Accueil', 'Accueil', '{"titre":"Accueil","contenu":"page d''accueil"}', 1, '1', NULL, 1, 1, 1, 1, 1, NULL),
(1, 'Wilkommen aus unsere Hause Seite', 'Hause', 'Hause', '{"titre":"Hause", "contenu":"Wilkommen zu unsere neue webiste"}', 1, '1', NULL, 1, 1, 1, 1, 2, NULL),
(1, 'Welcome on our new homepage', 'home', 'home', '{"titre":"Home", "contenu":"Welcome on our website"}', 1, '1', NULL, 1, 1, 2, 1, 3, NULL),
(2, 'welcome on our new second homepage', 'home 2', 'home 2', '{"titre":"Home 2", "contenu":"Funk 4 ever!!!"}', 2, '1', NULL, 1, 1, 1, 1, 3, NULL),
(3, 'formulaire d''ajout de contenu', 'formulaire', 'd''ajout de contenu', '{"titre":"Ajout de contenu",\r\n	"contenu":{"action":"\\/site_perso_yungi\\/fr\\/Admin\\/",\r\n				"enctype":"application\\/x-www-form-urlencoded",\r\n				"method":"POST",\r\n				"id":"ajout_type_page",\r\n				"fields":[{"display_name":"titre html",\r\n							"template":"input",\r\n							"type":"text",\r\n							"class":"",\r\n							"id":"titre_html",\r\n							"name":"titre_html",\r\n							"value":""\r\n						},\r\n						{\r\n							"display_name":"keywords html",\r\n							"template":"input",\r\n							"type":"text",\r\n							"class":"",\r\n							"id":"keywords",\r\n							"name":"keywords",\r\n							"value":""\r\n						},\r\n						{\r\n							"display_name":"titre de la bannière",\r\n							"template":"input",\r\n							"type":"text",\r\n							"class":"",\r\n							"id":"titre_banner",\r\n							"name":"titre_banner",\r\n							"value":""\r\n						},\r\n						{\r\n							"display_name":"sous-titre de la bannière",\r\n							"template":"textarea",\r\n							"class":"richtext_editor",\r\n							"id":"sous_titre_banner",\r\n							"name":"sous_titre_banner",\r\n							"value":""\r\n						},\r\n						{\r\n							"display_name":"Corps du block",\r\n							"template":"textarea",\r\n							"class":"richtext_editor",\r\n							"id":"block_content",\r\n							"name":"block_content",\r\n							"value":""						\r\n						},\r\n						{\r\n							"display_name":"Fichier a proposer",\r\n							"template":"input",\r\n							"type":"file",\r\n							"class":"",\r\n							"id":"file_content",\r\n							"name":"file_content",\r\n							"value":""							\r\n						},\r\n						{\r\n							"type":"submit",\r\n							"template":"input",\r\n							"class":"",\r\n							"id":"submit",\r\n							"name":"submit",\r\n							"value":"envoyer donnees"\r\n						}]\r\n			}\r\n}', 1, '1', 'UPEA', 1, 4, 3, 1, 1, NULL),
(4, 'formulaire de connexion', 'connexion', 'des utilisateurs', '{"titre":"Connexion",\r\n	"id_fieldset":"fieldset_connexion_user",\r\n	"contenu":{"action":"",\r\n			"enctype":"application\\/x-www-form-urlencoded",\r\n			"method":"POST",\r\n			"id":"connexion_user",\r\n			"name_form":"connexion_user",\r\n			"evenement_form":"onsubmit=\\"return requestAuthentificationUser(this, printData)\\"",\r\n			"fields":[{"display_name":"login",\r\n						"template":"input",\r\n						"type":"text",\r\n						"class":"",\r\n						"id":"login",\r\n						"name":"login"\r\n					},\r\n					{\r\n						"display_name":"password",\r\n						"template":"input",\r\n						"type":"password",\r\n						"class":"",\r\n						"id":"pwd",\r\n						"name":"pwd"\r\n					},\r\n					{\r\n						"type":"reset",\r\n						"template":"input",\r\n						"class":"fleft",\r\n						"id":"reset_user_form",\r\n						"name":"reset_user_form",\r\n						"value":"effacer"\r\n					},\r\n					{\r\n						"type":"submit",\r\n						"template":"input",\r\n						"class":"fleft",\r\n						"id":"connexion_user",\r\n						"name":"connexion_user",\r\n						"value":"connexion"\r\n					}]}}', 1, '1', NULL, 1, 5, 3, 1, 1, NULL),
(5, 'création de profil', 'Création d''un utilisateur', 'C''est à  ce stade que vous allez définir votre prénom, et surtout votre nom d''utilisateur ainsi que votre mot de pase', '{"titre":"Saisie des informations de connexion",\r\n	"contenu":{"action":"",\r\n				"enctype":"application\\/x-www-form-urlencoded",\r\n				"method":"POST",\r\n				"id":"create_user",\r\n				"evenement_form":"onsubmit=\\"return requestCreateUser(<?php echo AJAX_PATH); ?>,this, printData)\\"",\r\n				"fields":[{"display_name":"Prénom",\r\n							"template":"input",\r\n							"type":"text",\r\n							"class":"",\r\n							"id":"prenom_user",\r\n							"name":"prenom_user"\r\n						},\r\n						{\r\n							"display_name":"Nom",\r\n							"template":"input",\r\n							"type":"text",\r\n							"class":"",\r\n							"id":"nom_user",\r\n							"name":"nom_user"\r\n						},\r\n						{\r\n							"display_name":"Login",\r\n							"template":"input",\r\n							"type":"text",\r\n							"class":"",\r\n							"id":"login_user",\r\n							"name":"login_user"\r\n						},\r\n						{\r\n							"display_name":"Mot de passe",\r\n							"template":"input",\r\n							"type":"password",\r\n							"class":"",\r\n							"id":"pwd_user",\r\n							"name":"pwd_user"\r\n						},	\r\n						{\r\n							"display_name":"re-Saisissez votre Mot de passe",\r\n							"template":"input",\r\n							"type":"password",\r\n							"class":"",\r\n							"id":"pwd_user_2",\r\n							"name":"pwd_user_2"\r\n						},						\r\n						{\r\n							"type":"reset",\r\n							"template":"input",\r\n							"class":"fleft",\r\n							"id":"reset_createUser_form",\r\n							"name":"reset_createUser_form",\r\n							"value":"effacer"\r\n						},\r\n						{\r\n							"type":"submit",\r\n							"template":"input",\r\n							"class":"fleft",\r\n							"id":"submit_createUser_form",\r\n							"name":"submit_createUser_form",\r\n							"value":"Enregistrer"\r\n						}]}}', 2, '1', NULL, 1, 4, 3, 1, 1, NULL),
(6, 'ajout_contacts', 'Ajout des coordonnées de contact', 'Depuis ce sous-formulaire vous pouvez entrer les différentes possibilités de vous joindre', '{"titre":"Saisie des informations de Contact",\r\n	"contenu":{"action":"",\r\n				"enctype":"application\\/x-www-form-urlencoded",\r\n				"method":"POST",\r\n				"id":"create_user",\r\n				"evenement_form":"onsubmit=\\"return requestCreateContact(<?php echo AJAX_PATH); ?>,this, printData)\\"",\r\n				"fields":[{"display_name":"E-mail",\r\n							"template":"input",\r\n							"type":"text",\r\n							"class":"",\r\n							"id":"contact_0",\r\n							"name":"contact_0"\r\n						},						\r\n						{\r\n							"type":"reset",\r\n							"template":"input",\r\n							"class":"fleft",\r\n							"id":"reset_createContact_form",\r\n							"name":"reset_createContact_form",\r\n							"value":"effacer"\r\n						},\r\n						{\r\n							"type":"submit",\r\n							"template":"input",\r\n							"class":"fleft",\r\n							"id":"submit_createContact_form",\r\n							"name":"submit_createContact_form",\r\n							"value":"Enregistrer"\r\n						}]}}', 3, '1', NULL, 1, 4, 3, 1, 1, NULL),
(7, 'Creation_adresse', 'Création des adresses', 'Depuis cette emplacement vous donnerez vos informations de contact postal', '{"titre":"Saisie des informations de base",\r\n	"contenu":{"action":"",\r\n				"enctype":"application\\/x-www-form-urlencoded",\r\n				"method":"POST",\r\n				"id":"create_user",\r\n				"evenement_form":"onsubmit=\\"return requestCreateAdresse(<?php echo AJAX_PATH); ?>,this, printData)\\"",\r\n				"fields":[{"display_name":"Type d''adresse",\r\n							"template":"select",\r\n							"class":"",\r\n							"id":"type_adresse",\r\n							"name":"type_adresse",\r\n							"value":{"1":"Adresse principal",\r\n										"2":"Adresse d''envoi",\r\n										"3":"Adresse de facturation"\r\n									}\r\n						},\r\n						{"display_name":"Adresse",\r\n							"template":"input",\r\n							"type":"text",\r\n							"class":"",\r\n							"id":"adresse_0",\r\n							"name":"adresse_0"\r\n						},\r\n						{"display_name":"Adresse 2",\r\n							"template":"input",\r\n							"type":"text",\r\n							"class":"",\r\n							"id":"adresse_1",\r\n							"name":"adresse_1"\r\n						},\r\n						{"display_name":"NPA",\r\n							"template":"input",\r\n							"type":"text",\r\n							"class":"",\r\n							"id":"adresse_2",\r\n							"name":"adresse_2"\r\n						},\r\n						{"type":"reset",\r\n							"template":"input",\r\n							"class":"fleft",\r\n							"id":"reset_createAdresse_form",\r\n							"name":"reset_createAdresse_form",\r\n							"value":"effacer"\r\n						},\r\n						{"type":"submit",\r\n							"template":"input",\r\n							"class":"fleft",\r\n							"id":"submit_createAdresse_form",\r\n							"name":"submit_createAdresse_form",\r\n							"value":"enregistrer"\r\n						}]}}', 4, '1', NULL, 1, 4, 3, 1, 1, NULL),
(8, '้ลลดยมเ', '้ลลดยมเ', 'งยแดมท ลยรรย แ้ทั หวดท ้ดอย่ ้ลลใท ข รวดร', '{"titre":"๋ลลดยมเ","contenu":"าย คย ทดมท แ้ท ดค ีไอว"}', 2, '1', NULL, 1, 1, 1, 1, 1, NULL),
(9, 'фыва', 'фывафывафыва', 'ыфвдладл аджф выоафжд оафадлофа фдла фдаодлвы оа', '{"titre":"гт учуьзду ут кгыыу","contenu":"вфмфш зфкгылшб зкумшуе ьфдшсрлф вщикшвфт"}', 3, '1', NULL, 1, 1, 1, 1, 1, NULL),
(10, 'test block', 'Un petit block', 'Un Petit block sous titre', '{"titre":"Block de texte","contenu":"Un petit block supplémentaire afin de tester l''empilage de ceux-ci"}', 1, '1', NULL, 1, 5, NULL, 1, 1, 1);

INSERT INTO `pays` (`id_pays`, `nom_pays`, `code_pays`) VALUES
(1, 'afghanistan', 'af'),
(2, 'afrique-du-sud', 'za'),
(3, 'albanie', 'al'),
(4, 'algerie', 'dz'),
(5, 'allemagne', 'de'),
(6, 'andorre', 'ad'),
(7, 'angola', 'ao'),
(8, 'anguilla', 'ai'),
(9, 'antarctique', 'aq'),
(10, 'antigua-et-barbuda', 'ag'),
(11, 'antilles-neerlandaises', 'an'),
(12, 'arabie-saoudite', 'sa'),
(13, 'argentine', 'ar'),
(14, 'armenie', 'am'),
(15, 'aruba', 'aw'),
(16, 'australie', 'au'),
(17, 'autriche', 'at'),
(18, 'azerbaidjan', 'az'),
(19, 'bahamas', 'bs'),
(20, 'bahrain', 'bh'),
(21, 'bangladesh', 'bd'),
(22, 'belgique', 'be'),
(23, 'belize', 'bz'),
(24, 'benin', 'bj'),
(25, 'bermudes-les', 'bm'),
(26, 'bhoutan', 'bt'),
(27, 'bielorussie', 'by'),
(28, 'bolivie', 'bo'),
(29, 'bosnie-herzegovine', 'ba'),
(30, 'botswana', 'bw'),
(31, 'bouvet-iles', 'bv'),
(32, 'bresil', 'br'),
(33, 'brunei', 'bn'),
(34, 'bulgarie', 'bg'),
(35, 'burkina-faso', 'bf'),
(36, 'burundi', 'bi'),
(37, 'cambodge', 'kh'),
(38, 'cameroun', 'cm'),
(39, 'canada', 'ca'),
(40, 'cap-vert', 'cv'),
(41, 'cayman-iles', 'ky'),
(42, 'chili', 'cl'),
(43, 'chine-rep-pop', 'cn'),
(44, 'christmas-ile', 'cx'),
(45, 'chypre', 'cy'),
(46, 'cocos-iles', 'cc'),
(47, 'colombie', 'co'),
(48, 'comores', 'km'),
(49, 'cook-iles', 'ck'),
(50, 'coree-du-nord', 'kp'),
(51, 'coree-sud', 'kr'),
(52, 'costa-rica', 'cr'),
(53, 'cote-divoire', 'ci'),
(54, 'croatie', 'hr'),
(55, 'cuba', 'cu'),
(56, 'danemark', 'dk'),
(57, 'djibouti', 'dj'),
(58, 'dominique', 'dm'),
(59, 'egypte', 'eg'),
(60, 'el-salvador', 'sv'),
(61, 'emirats-arabes-unis', 'ae'),
(62, 'equateur', 'ec'),
(63, 'erythree', 'er'),
(64, 'espagne', 'es'),
(65, 'estonie', 'ee'),
(66, 'etats-unis', 'us'),
(67, 'ethiopie', 'et'),
(68, 'falkland-ile', 'fk'),
(69, 'feroe-iles', 'fo'),
(70, 'fidji-republique-des', 'fj'),
(71, 'finlande', 'fi'),
(72, 'france', 'fr'),
(73, 'gabon', 'ga'),
(74, 'gambie', 'gm'),
(75, 'georgie', 'ge'),
(76, 'georgie-du-sud-et-sandwich-du-sud-iles', 'gs'),
(77, 'ghana', 'gh'),
(78, 'gibraltar', 'gi'),
(79, 'grece', 'gr'),
(80, 'grenade', 'gd'),
(81, 'groenland', 'gl'),
(82, 'guadeloupe', 'gp'),
(83, 'guam', 'gu'),
(84, 'guatemala', 'gt'),
(85, 'guinee', 'gn'),
(86, 'guinee-bissau', 'gw'),
(87, 'guinee-equatoriale', 'gq'),
(88, 'guyane', 'gy'),
(89, 'guyane-francaise', 'gf'),
(90, 'haiti', 'ht'),
(91, 'heard-et-mcdonald-iles', 'hm'),
(92, 'honduras', 'hn'),
(93, 'hong-kong', 'hk'),
(94, 'hongrie', 'hu'),
(95, 'iles-mineures-eloignees-des-etats-unis', 'um'),
(96, 'inde', 'in'),
(97, 'indonesie', 'id'),
(98, 'irak', 'iq'),
(99, 'iran', 'ir'),
(100, 'irlande', 'ie'),
(101, 'islande', 'is'),
(102, 'israel', 'il'),
(103, 'italie', 'it'),
(104, 'jamaique', 'jm'),
(105, 'japon', 'jp'),
(106, 'jordanie', 'jo'),
(107, 'kazakhstan', 'kz'),
(108, 'kenya', 'ke'),
(109, 'kirghizistan', 'kg'),
(110, 'kiribati', 'ki'),
(111, 'koweit', 'kw'),
(112, 'la-barbad', 'bb'),
(113, 'laos', 'la'),
(114, 'lesotho', 'ls'),
(115, 'lettonie', 'lv'),
(116, 'liban', 'lb'),
(117, 'liberia', 'lr'),
(118, 'libye', 'ly'),
(119, 'liechtenstein', 'li'),
(120, 'lithuanie', 'lt'),
(121, 'luxembourg', 'lu'),
(122, 'macau', 'mo'),
(123, 'macedoine', 'mk'),
(124, 'madagascar', 'mg'),
(125, 'malaisie', 'my'),
(126, 'malawi', 'mw'),
(127, 'maldives-iles', 'mv'),
(128, 'mali', 'ml'),
(129, 'malte', 'mt'),
(130, 'mariannes-du-nord-iles', 'mp'),
(131, 'maroc', 'ma'),
(132, 'marshall-iles', 'mh'),
(133, 'martinique', 'mq'),
(134, 'maurice', 'mu'),
(135, 'mauritanie', 'mr'),
(136, 'mayotte', 'yt'),
(137, 'mexique', 'mx'),
(138, 'micronesie-etats-federes-de', 'fm'),
(139, 'moldavie', 'md'),
(140, 'monaco', 'mc'),
(141, 'mongolie', 'mn'),
(142, 'montserrat', 'ms'),
(143, 'mozambique', 'mz'),
(144, 'myanmar', 'mm'),
(145, 'namibie', 'na'),
(146, 'nauru', 'nr'),
(147, 'nepal', 'np'),
(148, 'nicaragua', 'ni'),
(149, 'niger', 'ne'),
(150, 'nigeria', 'ng'),
(151, 'niue', 'nu'),
(152, 'norfolk-iles', 'nf'),
(153, 'norvege', 'no'),
(154, 'nouvelle-caledonie', 'nc'),
(155, 'nouvelle-zelande', 'nz'),
(156, 'oman', 'om'),
(157, 'ouganda', 'ug'),
(158, 'ouzbekistan', 'uz'),
(159, 'pakistan', 'pk'),
(160, 'palau', 'pw'),
(161, 'panama', 'pa'),
(162, 'papouasie-nouvelle-guinee', 'pg'),
(163, 'paraguay', 'py'),
(164, 'pays-bas', 'nl'),
(165, 'perou', 'pe'),
(166, 'philippines', 'ph'),
(167, 'pitcairn-iles', 'pn'),
(168, 'pologne', 'pl'),
(169, 'polynesie-francaise', 'pf'),
(170, 'porto-rico', 'pr'),
(171, 'portugal', 'pt'),
(172, 'qatar', 'qa'),
(173, 'rep-dem-du-congo', 'cg'),
(174, 'republique-centrafricaine', 'cf'),
(175, 'republique-dominicaine', 'do'),
(176, 'republique-tcheque', 'cz'),
(177, 'reunion-la', 're'),
(178, 'roumanie', 'ro'),
(179, 'royaume-uni', 'uk'),
(180, 'russie', 'ru'),
(181, 'rwanda', 'rw'),
(182, 'sahara-occidental', 'eh'),
(183, 'sainte-helene', 'sh'),
(184, 'sainte-lucie', 'lc'),
(185, 'saint-kitts-et-nevis', 'kn'),
(186, 'saint-marin-rep-de', 'sm'),
(187, 'saint-pierre-et-miquelon', 'pm'),
(188, 'saint-vincent-et-les-grenadines', 'vc'),
(189, 'samoa', 'as'),
(190, 'samoa', 'ws'),
(191, 'sao-tome-et-principe-rep', 'st'),
(192, 'senegal', 'sn'),
(193, 'seychelles', 'sc'),
(194, 'sierra-leone', 'sl'),
(195, 'singapour', 'sg'),
(196, 'slovaquie', 'sk'),
(197, 'slovenie', 'si'),
(198, 'somalie', 'so'),
(199, 'soudan', 'sd'),
(200, 'sri-lanka', 'lk'),
(201, 'suede', 'se'),
(202, 'suisse', 'ch'),
(203, 'suriname', 'sr'),
(204, 'svalbard-et-jan-mayen-iles', 'sj'),
(205, 'swaziland', 'sz'),
(206, 'syrie', 'sy'),
(207, 'tadjikistan', 'tj'),
(208, 'taiwan', 'tw'),
(209, 'tanzanie', 'tz'),
(210, 'tchad', 'td'),
(211, 'territoire-britannique-de-locean-indien', 'io'),
(212, 'territoires-francais-du-sud', 'tf'),
(213, 'thailande', 'th'),
(214, 'timor', 'tp'),
(215, 'togo', 'tg'),
(216, 'tokelau', 'tk'),
(217, 'tonga', 'to'),
(218, 'trinite-et-tobago', 'tt'),
(219, 'tunisie', 'tn'),
(220, 'turkmenistan', 'tm'),
(221, 'turks-et-caiques-iles', 'tc'),
(222, 'turquie', 'tr'),
(223, 'tuvalu', 'tv'),
(224, 'ukraine', 'ua'),
(225, 'uruguay', 'uy'),
(226, 'vanuatu', 'vu'),
(227, 'vatican-etat-du', 'va'),
(228, 'venezuela', 've'),
(229, 'vierges-britanniques-iles', 'vg'),
(230, 'vierges-iles', 'vi'),
(231, 'vietnam', 'vn'),
(232, 'wallis-et-futuna-iles', 'wf'),
(233, 'yemen', 'ye'),
(234, 'yougoslavie', 'yu'),
(235, 'zaire', 'zr'),
(236, 'zambie', 'zm'),
(237, 'zimbabwe', 'zw');

/*!40101 SET CHARACTER_SET_CLIENT=@OLD_CHARACTER_SET_CLIENT */;
/*!40101 SET CHARACTER_SET_RESULTS=@OLD_CHARACTER_SET_RESULTS */;
/*!40101 SET COLLATION_CONNECTION=@OLD_COLLATION_CONNECTION */;
